passport_no,f_name,minit,l_name,nationality,passport_type,country_code,gender,i_date,e_date,b_date,place_of_birth
2252295396,Mckinley ,P, Harris,garman,p,DEU,M,2021-04-06,2028-04-05,1989-08-12,munich
2283592982,Johnnie ,Z, Haley,garman,p,DEU,F,2020-09-25,2027-09-25,1927-10-03,munich
2286325238,Queen ,W, Woods,garman,s,DEU,F,2021-03-11,2028-03-10,1999-12-25,munich
2295588457,Sheldon ,J, Mccoy,garman,d,DEU,M,2022-02-02,2029-02-01,1950-11-11,munich
2328755336,Tamra ,V, Gilmore,garman,p,DEU,F,2023-10-24,2030-10-23,1935-01-22,munich
2335546342,Kristofer ,J, Richard,garman,d,DEU,M,2017-01-12,2024-01-12,1966-10-26,munich
2335773385,Polly ,C, Velasquez,garman,p,DEU,F,2021-03-03,2028-03-02,1985-12-16,munich
2347565765,Meredith ,R, Carrillo,garman,d,DEU,F,2020-11-12,2027-11-12,1957-08-03,munich
2353459876,Laurence ,I, Benton,garman,d,DEU,M,2020-01-01,2026-12-31,2017-03-07,munich
2382922852,Janelle ,Q, Dalton,garman,p,DEU,F,2019-01-14,2026-01-13,2000-07-12,munich
2447439384,Oscar ,N, Noble,garman,p,DEU,M,2023-09-07,2030-09-06,2008-10-29,munich
2453828595,Ila ,Y, Duke,garman,d,DEU,F,2017-04-01,2024-03-31,2004-03-22,munich
2463998398,Cherie ,L, Weaver,garman,d,DEU,F,2017-04-22,2024-04-21,1999-10-29,munich
2523877429,Cornelius ,V, Morton,garman,p,DEU,M,2019-11-23,2026-11-22,1951-06-20,munich
2535829596,Pete ,V, Thompson,garman,lp,DEU,M,2023-01-18,2030-01-17,1961-02-14,munich
2555498976,Ruthie ,P, Mills,garman,p,DEU,F,2023-05-28,2030-05-27,1954-06-06,munich
2635276349,Brett ,B, Raymond,garman,p,DEU,M,2017-06-21,2024-06-20,1938-02-18,munich
2648348953,Chris ,I, Lane,garman,dlp,DEU,M,2021-12-16,2028-12-15,1961-12-17,munich
2674572237,Rebecca ,K, Dickerson,garman,p,DEU,F,2018-11-09,2025-11-08,1943-01-18,munich
2686899866,Aurelia ,V, Ramos,garman,dlp,DEU,F,2022-08-18,2029-08-17,2002-01-24,munich
2724298754,Erick ,T, Black,garman,d,DEU,M,2021-11-14,2028-11-13,1994-03-25,munich
2728363359,Vicki ,I, Ward,garman,lp,DEU,F,2022-07-17,2029-07-16,1949-10-20,munich
2747564776,Huey ,E, Craig,garman,p,DEU,M,2017-09-07,2024-09-06,1971-03-13,munich
2749284536,Karen ,T, Edwards,garman,dlp,DEU,F,2021-01-28,2028-01-28,1944-04-12,munich
2749469593,Janine ,U, Stewart,garman,p,DEU,F,2022-06-24,2029-06-23,2021-02-03,munich
2762945453,Yolanda ,G, Petty,garman,p,DEU,F,2022-06-02,2029-06-01,1937-05-18,munich
2764826498,Kermit ,G, York,garman,d,DEU,M,2023-07-25,2030-07-24,1992-07-11,munich
2773285673,Michael ,Z, Beltran,garman,p,DEU,F,2021-08-26,2028-08-25,1965-10-08,munich
2787789457,Josefa ,T, Owens,garman,p,DEU,F,2019-06-25,2026-06-24,1944-03-11,munich
2832567477,Daron ,T, Werner,french,p,FRA,M,2020-06-11,2027-06-11,1982-05-03,paris
2839738325,Susanna ,z, Villanueva,french,p,FRA,F,2017-07-28,2024-07-27,1928-03-30,paris
2844595857,Hilario ,A, Gardner,french,p,FRA,M,2017-06-08,2024-06-07,2018-10-25,paris
2892976634,Patsy ,Y, Beltran,french,p,FRA,F,2018-06-16,2025-06-15,2021-07-01,paris
2922593887,Estella ,O, Beasley,french,p,FRA,F,2018-12-07,2025-12-06,2008-03-05,paris
2947667352,Richie ,H, Cooley,french,p,FRA,M,2019-05-01,2026-04-30,1947-04-08,paris
2956345993,Kurtis ,A, Jefferson,french,p,FRA,M,2019-04-29,2026-04-28,1927-06-11,paris
2959234696,Dolores ,C, Ortiz,french,p,FRA,F,2020-08-20,2027-08-20,1981-12-30,paris
3258442443,Alma ,J, House,french,p,FRA,F,2022-03-30,2029-03-29,1928-11-16,paris
3259865689,Horace ,L, Wells,french,p,FRA,M,2022-07-02,2029-07-01,1976-10-08,paris
3274935229,Rodger ,D, Patton,french,d,FRA,M,2023-10-11,2030-10-10,1923-11-29,paris
3275284847,Kendra ,J, Webb,french,p,FRA,F,2019-06-10,2026-06-09,2007-04-24,paris
3288475294,Alissa ,H, Larsen,french,d,FRA,F,2017-12-12,2024-12-11,2018-03-20,paris
3345968595,Reba ,I, Wilcox,french,p,FRA,F,2017-10-30,2024-10-29,1945-04-05,paris
3424446763,Greg ,N, Schaefer,french,s,FRA,M,2019-04-07,2026-04-06,1959-06-20,paris
3449882282,Debbie ,W, Russell,french,p,FRA,F,2022-01-24,2029-01-23,2007-10-28,paris
3522399854,Antoinette ,F, Solis,french,p,FRA,F,2017-05-25,2024-05-24,1945-10-14,paris
3522796642,Shelby ,N, Hopkins,french,p,FRA,F,2020-04-22,2027-04-22,1933-01-24,paris
3565756995,Lester ,W, Archer,french,p,FRA,M,2017-12-03,2024-12-02,1934-04-18,paris
3626984258,Lester ,X, Washington,french,p,FRA,M,2022-11-14,2029-11-13,2019-01-19,paris
3635977824,Blaine ,V, Chen,french,p,FRA,M,2017-02-20,2024-02-20,2023-11-03,paris
3639355687,Ferdinand ,M, Patrick,french,p,FRA,M,2020-07-11,2027-07-11,2009-10-27,paris
3666926388,Rey ,z, Hickman,french,p,FRA,M,2018-07-21,2025-07-20,1928-01-06,paris
3698538489,Maude ,Q, Burgess,french,d,FRA,F,2021-07-22,2028-07-21,1922-01-18,paris
3742973539,Edgardo ,O, Foster,french,p,FRA,M,2023-03-20,2030-03-19,1948-03-31,paris
3748943442,Jaclyn ,D, Fitzpatrick,french,p,FRA,F,2016-12-23,2023-12-23,1954-05-05,paris
3772237436,Jerrod ,S, Woods,french,p,FRA,M,2023-05-16,2030-05-15,1993-11-03,paris
3775594333,Lincoln ,T, Buck,french,p,FRA,M,2023-02-04,2030-02-03,2016-08-16,paris
3834836835,Irving ,E, Harrison,french,p,FRA,M,2018-07-11,2025-07-10,2013-10-06,paris
3837496798,Adolph ,Q, Vang,french,p,FRA,M,2021-04-13,2028-04-12,1990-05-14,paris
3845636933,Jolene ,M, Maxwell,swiss,d,CHE,F,2022-12-31,2029-12-30,1978-07-06,paris
3848473468,Kimberly ,Q, Barrett,swiss,p,CHE,F,2023-09-17,2030-09-16,1944-12-07,zurich
3896957555,Kenton ,D, Sheppard,swiss,d,CHE,M,2020-03-23,2027-03-23,1973-08-31,zurich
3897945276,Mary ,Y, Case,swiss,d,CHE,M,2022-05-22,2029-05-21,2003-08-01,zurich
3936226835,Vivian ,C, Obrien,swiss,lp,CHE,F,2023-04-06,2030-04-05,2002-10-05,zurich
3977675334,Latonya ,A, Patrick,swiss,p,CHE,F,2022-12-13,2029-12-12,1928-07-21,zurich
3979448924,Felix ,U, Ballard,swiss,p,CHE,M,2022-01-28,2029-01-27,1976-02-03,zurich
3985522757,Karla ,M, Mcknight,swiss,p,CHE,F,2022-01-29,2029-01-28,1949-12-06,zurich
3986338888,Brittney ,I, Frye,swiss,p,CHE,F,2017-05-27,2024-05-26,1965-11-08,zurich
3987866894,Jacquelyn ,I, Hill,swiss,dlp,CHE,F,2023-06-19,2030-06-18,2022-06-19,zurich
3989963958,Benedict ,Y, Sparks,swiss,p,CHE,M,2022-06-03,2029-06-02,1965-01-19,zurich
4224872334,Sophie ,A, Holder,swiss,lp,CHE,F,2017-09-23,2024-09-22,1946-05-31,zurich
4226529867,Leo ,O, Bass,swiss,p,CHE,M,2017-10-29,2024-10-28,2012-04-24,zurich
4226574923,Rita ,P, Armstrong,swiss,dlp,CHE,F,2018-07-13,2025-07-12,1936-07-04,zurich
4229659453,Reyna ,S, Bradford,swiss,p,CHE,F,2019-12-03,2026-12-02,2003-11-27,zurich
4237869933,Angelique ,S, Mcfarland,swiss,lp,CHE,F,2019-02-04,2026-02-03,2010-03-13,zurich
4272943933,Beverley ,I, Fernandez,swiss,p,CHE,F,2023-08-30,2030-08-29,1992-06-26,zurich
4275484462,Alphonso ,W, Sherman,swiss,p,CHE,M,2017-10-20,2024-10-19,1921-02-18,zurich
4282583398,Tracie ,E, Carey,swiss,p,CHE,F,2020-12-31,2027-12-31,2001-11-10,zurich
4284667858,Curtis ,I, Rice,swiss,s,CHE,M,2017-11-13,2024-11-12,2006-11-19,zurich
4325944875,Bob ,Y, Nunez,swiss,lp,CHE,M,2018-08-09,2025-08-08,1926-11-16,zurich
4332644299,Jerald ,C, Pena,swiss,p,CHE,M,2018-06-12,2025-06-11,2021-05-08,zurich
4339827945,Herminia ,I, Ponce,swiss,lp,CHE,F,2022-08-18,2029-08-17,2015-09-24,zurich
4343322574,Shawna ,D, Ryan,swiss,dlp,CHE,F,2023-02-01,2030-01-31,1987-09-07,zurich
4355653375,Chris ,V, Whitaker,swiss,p,CHE,F,2017-09-26,2024-09-25,2009-01-22,zurich
4374974334,Jessica ,I, Dickson,swiss,s,CHE,F,2020-12-16,2027-12-16,1965-10-04,zurich
4422886842,Cedric ,O, Campos,swiss,d,CHE,M,2017-05-26,2024-05-25,1956-02-07,zurich
4426834682,Thurman ,Z, Blair,swiss,p,CHE,M,2021-09-22,2028-09-21,2012-09-23,zurich
4438687828,Daron ,X, Sullivan,swiss,d,CHE,M,2021-11-27,2028-11-26,1927-03-10,zurich
4452563658,Trisha ,T, Berg,swiss,p,CHE,F,2020-10-29,2027-10-29,1930-06-12,zurich
4484845979,Catalina ,L, Jimenez,turkish,p,TUR,F,2021-05-27,2028-05-26,1983-06-21,istanbul
4544397867,Kirk ,J, Casey,turkish,lp,TUR,M,2023-03-28,2030-03-27,1991-12-05,istanbul
4553876858,Lenora ,I, Hamilton,turkish,p,TUR,F,2017-04-28,2024-04-27,1946-06-07,istanbul
4633355548,Steve ,z, Soto,turkish,lp,TUR,M,2017-10-29,2024-10-28,1920-09-21,istanbul
4642267586,Cruz ,Q, Navarro,turkish,p,TUR,M,2023-09-15,2030-09-14,1973-08-14,istanbul
4645874298,Derrick ,H, Ashley,turkish,d,TUR,M,2023-10-21,2030-10-20,1958-01-03,istanbul
4675394848,Donald ,U, Cain,turkish,s,TUR,M,2021-05-26,2028-05-25,1955-04-19,istanbul
4738832259,Man ,Y, Goodman,turkish,lp,TUR,M,2023-06-04,2030-06-03,1967-03-11,istanbul
4739658926,Everett ,S, Lin,turkish,dlp,TUR,M,2017-08-14,2024-08-13,2013-07-09,istanbul
4754269574,Dorothy ,I, Turner,turkish,p,TUR,F,2020-06-29,2027-06-29,1956-09-08,istanbul
4793955829,Lesley ,P, Osborn,turkish,p,TUR,F,2018-04-13,2025-04-12,2001-06-07,istanbul
4822835897,Kirsten ,C, Ayala,turkish,p,TUR,F,2020-06-08,2027-06-08,1944-12-12,istanbul
4852562395,Rolland ,A, Schneider,turkish,p,TUR,M,2020-07-23,2027-07-23,1968-10-27,istanbul
4853536689,Melissa ,T, Chapman,turkish,p,TUR,F,2018-02-20,2025-02-19,1920-08-20,istanbul
4868593725,Irene ,U, Benitez,turkish,s,TUR,F,2019-02-15,2026-02-14,1979-08-13,istanbul
4869656699,Sam ,z, Noble,turkish,d,TUR,M,2020-03-31,2027-03-31,1996-03-30,istanbul
4892824494,Ty ,E, Lam,turkish,p,TUR,M,2019-03-09,2026-03-08,2006-02-24,istanbul
4924637784,Denny ,A, Zhang,turkish,dlp,TUR,M,2022-11-14,2029-11-13,1977-09-23,istanbul
4978729297,Jordan ,R, Cuevas,turkish,d,TUR,F,2020-04-14,2027-04-14,1933-08-08,istanbul
4982642432,Eugene ,G, Murphy,turkish,s,TUR,M,2020-02-02,2027-02-01,1995-04-08,istanbul
5258656556,Felicia ,J, Forbes,turkish,d,TUR,F,2020-07-07,2027-07-07,2014-02-07,istanbul
5282793343,Adele ,z, Whitney,turkish,p,TUR,F,2018-11-14,2025-11-13,2021-11-07,istanbul
5324495724,Emilia ,O, Liu,turkish,p,TUR,F,2018-04-14,2025-04-13,1935-12-30,istanbul
5332433337,Sharon ,z, Gould,turkish,p,TUR,F,2021-08-24,2028-08-23,1994-03-04,istanbul
5353957944,Toni ,A, Miles,turkish,p,TUR,F,2021-12-14,2028-12-13,2023-02-06,istanbul
5387285678,Sybil ,D, Villarreal,turkish,p,TUR,F,2019-10-23,2026-10-22,2014-04-06,istanbul
5396975762,Dorthy ,U, Baker,turkish,p,TUR,F,2020-04-23,2027-04-23,1954-04-13,istanbul
5398853575,Sharon ,Y, Kline,turkish,p,TUR,F,2020-06-13,2027-06-13,1977-05-09,istanbul
5399663589,Andrea ,U, Johns,turkish,p,TUR,F,2022-10-24,2029-10-23,1997-03-26,istanbul
5443584855,Lynn ,X, Nicholson,turkish,p,TUR,F,2021-07-29,2028-07-28,2011-11-03,istanbul
5443898654,Roslyn ,D, Munoz,american,p,USA,F,2017-10-14,2024-10-13,1974-11-21,istanbul
5462387973,Jamaal ,P, Garner,american,d,USA,M,2018-09-25,2025-09-24,1996-06-16,istanbul
5479838989,Eliza ,H, Mclean,american,p,USA,F,2022-06-21,2029-06-20,1986-02-10,istanbul
5488457393,Morton ,B, Mcmahon,american,s,USA,M,2017-04-06,2024-04-05,2018-01-27,new york
5542538383,Clara ,R, Brock,american,s,USA,F,2019-12-28,2026-12-27,2014-01-01,new york
5598423646,Stephan ,Y, Gentry,american,p,USA,M,2023-03-26,2030-03-25,1981-05-02,new york
5627965586,Cedric ,O, Gray,american,p,USA,M,2023-04-18,2030-04-17,1927-05-12,new york
5655429452,Mindy ,P, Bray,american,p,USA,F,2021-04-13,2028-04-12,1966-07-22,new york
5672346259,Earle ,Y, Moss,american,p,USA,M,2021-08-11,2028-08-10,1992-08-03,new york
5672839764,Juana ,G, Molina,american,p,USA,F,2018-12-28,2025-12-27,1944-10-06,new york
5684349335,Armand ,J, Beck,american,p,USA,M,2020-10-04,2027-10-04,1978-05-28,new york
5687949549,Mavis ,Q, Blevins,american,p,USA,F,2021-05-21,2028-05-20,1981-01-27,new york
5755723699,Johanna ,T, Jensen,american,p,USA,F,2021-12-16,2028-12-15,1987-11-19,new york
5767637726,Patrica ,N, Callahan,american,dlp,USA,F,2021-09-02,2028-09-01,2019-08-09,new york
5787546627,Nolan ,S, Davies,american,p,USA,M,2021-11-24,2028-11-23,1937-04-03,new york
5828232397,Kristopher ,U, Hart,american,p,USA,M,2019-08-01,2026-07-31,1921-07-12,new york
5833486889,Mabel ,P, Hopkins,american,p,USA,F,2017-07-10,2024-07-09,1944-06-08,new york
5856394474,Edna ,K, Watson,american,p,USA,F,2021-04-30,2028-04-29,1977-01-31,new york
5858278272,Hassan ,J, Edwards,american,dlp,USA,M,2021-08-08,2028-08-07,1976-12-21,new york
5874876773,Margie ,U, Ellison,american,p,USA,F,2023-04-11,2030-04-10,1998-06-29,new york
5969976282,Darrin ,I, Mack,american,p,USA,M,2021-10-01,2028-09-30,1946-10-19,new york
5977587788,Lucile ,A, Brewer,american,p,USA,F,2017-04-14,2024-04-13,2020-05-13,new york
5978264624,Connie ,N, Garza,american,p,USA,M,2020-06-15,2027-06-15,2003-09-21,new york
5987539796,Hilton ,T, Cameron,american,p,USA,M,2022-08-07,2029-08-06,1920-12-14,new york
6228658389,Shawn ,H, Bryant,american,p,USA,F,2016-12-05,2023-12-05,2004-01-19,new york
6274342626,Reggie ,C, Mann,american,lp,USA,M,2019-08-20,2026-08-19,1933-01-03,new york
6274639784,Kristy ,W, Gray,american,p,USA,F,2017-10-31,2024-10-30,2004-11-22,new york
6284322463,Elsa ,G, Schroeder,american,lp,USA,F,2021-01-12,2028-01-12,1965-09-06,new york
6288657624,Erna ,P, Russell,american,p,USA,F,2022-08-28,2029-08-27,1937-02-11,new york
6294958898,Mervin ,R, Munoz,american,dlp,USA,M,2019-01-30,2026-01-29,1944-12-08,new york
6345977489,Agnes ,X, Stokes,tunisian,lp,TUN,F,2016-12-07,2023-12-07,1982-05-31,new york
6349353247,Elias ,Z, Sims,tunisian,p,TUN,M,2017-10-10,2024-10-09,1994-02-27,new york
6352388493,Jody ,z, Woodard,tunisian,p,TUN,M,2019-10-15,2026-10-14,1991-10-22,new york
6358338897,Jordan ,V, Rasmussen,tunisian,d,TUN,F,2020-08-28,2027-08-28,1972-02-11,new york
6393769684,Madge ,N, Hanson,tunisian,p,TUN,F,2019-11-23,2026-11-22,1957-09-11,new york
6438699325,Shayne ,Q, Molina,tunisian,p,TUN,M,2021-03-29,2028-03-28,1927-12-19,tunis
6524998596,Ralph ,D, Finley,tunisian,d,TUN,M,2017-04-26,2024-04-25,2009-09-30,tunis
6547545828,Dina ,S, Romero,tunisian,dlp,TUN,F,2017-10-12,2024-10-11,1920-08-31,tunis
6556784686,Jonathon ,U, Beard,tunisian,p,TUN,M,2023-01-21,2030-01-20,1995-12-28,tunis
6562523289,Garland ,G, Ellis,tunisian,s,TUN,M,2017-02-11,2024-02-11,1929-06-26,tunis
6572928323,Colton ,U, Sellers,tunisian,p,TUN,M,2017-10-06,2024-10-05,1966-01-09,tunis
6575964548,Raul ,S, Hurley,tunisian,p,TUN,M,2022-08-14,2029-08-13,1924-01-05,tunis
6579932285,Janell ,F, Chandler,tunisian,p,TUN,F,2021-12-10,2028-12-09,1955-11-12,tunis
6636727769,Reuben ,E, May,tunisian,p,TUN,M,2017-08-12,2024-08-11,1974-06-25,tunis
6638477369,Elbert ,U, Fry,tunisian,p,TUN,M,2018-06-15,2025-06-14,1947-02-22,tunis
6679545869,Ricky ,W, Lawson,tunisian,s,TUN,M,2018-08-16,2025-08-15,1930-08-17,tunis
6686222732,Howard ,D, Howell,tunisian,dlp,TUN,M,2022-09-28,2029-09-27,1996-01-07,tunis
6692329373,Jon ,S, Campbell,tunisian,p,TUN,M,2018-04-05,2025-04-04,1949-06-24,tunis
6695384675,Kristin ,P, Rice,tunisian,p,TUN,F,2019-10-06,2026-10-05,2007-05-22,tunis
6722248354,Maria ,P, Goodwin,tunisian,dlp,TUN,F,2018-01-30,2025-01-29,1949-07-31,tunis
6722362727,Ellis ,W, Frazier,tunisian,p,TUN,M,2020-04-15,2027-04-15,1977-03-05,tunis
6726465589,Juliet ,P, English,tunisian,p,TUN,F,2017-07-20,2024-07-19,1976-07-20,tunis
6753284337,Beatrice ,C, Mullins,tunisian,s,TUN,F,2021-05-24,2028-05-23,2008-08-22,tunis
6775369328,Susie ,N, Ray,tunisian,lp,TUN,F,2019-10-30,2026-10-29,1926-01-20,tunis
6783795682,Laverne ,B, Houston,tunisian,p,TUN,F,2020-11-02,2027-11-02,2000-07-28,tunis
6799223285,Darren ,Z, Nichols,tunisian,p,TUN,M,2023-07-22,2030-07-21,1938-07-20,tunis
6823387754,Monty ,B, Frank,tunisian,s,TUN,M,2020-07-17,2027-07-17,1954-09-21,tunis
6823952372,Hyman ,U, Glover,tunisian,lp,TUN,M,2020-09-28,2027-09-28,1980-08-22,tunis
6894547225,Frances ,N, Reynolds,tunisian,p,TUN,M,2019-01-09,2026-01-08,1936-07-07,tunis
6922962455,Jerome ,H, Maldonado,tunisian,p,TUN,M,2016-12-08,2023-12-08,1941-08-19,tunis
6938866936,Shannon ,S, Santos,saudi,p,SAU,M,2018-03-04,2025-03-03,1935-10-07,jeddah
6989356576,Rhoda ,N, Crosby,saudi,p,SAU,F,2021-08-31,2028-08-30,1992-04-04,jeddah
7238685893,Freida ,F, Cervantes,saudi,p,SAU,F,2017-03-13,2024-03-12,1934-01-24,jeddah
7239624477,Shelby ,V, Douglas,saudi,p,SAU,M,2017-09-15,2024-09-14,1958-10-26,jeddah
7246583845,Isiah ,O, Flowers,saudi,lp,SAU,M,2017-10-13,2024-10-12,1951-11-05,jeddah
7284943359,Rosie ,D, Harvey,saudi,s,SAU,F,2022-06-21,2029-06-20,1935-02-09,jeddah
7289784559,Lolita ,E, Mayer,saudi,d,SAU,F,2022-03-08,2029-03-07,1982-05-18,jeddah
7333544954,Millie ,L, Rogers,saudi,dlp,SAU,F,2021-07-27,2028-07-26,1997-03-27,jeddah
7355789348,Louisa ,z, Duke,saudi,p,SAU,F,2018-06-14,2025-06-13,1984-03-14,jeddah
7359665635,Courtney ,Q, Glass,saudi,d,SAU,M,2018-04-29,2025-04-28,1935-12-16,jeddah
7374645659,Evelyn ,Q, Rivers,saudi,p,SAU,F,2021-04-09,2028-04-08,2021-01-10,jeddah
7382527757,Jeannie ,Y, Wang,saudi,p,SAU,F,2018-03-11,2025-03-10,2004-08-20,jeddah
7385652594,Edmond ,G, Dyer,saudi,p,SAU,M,2021-05-28,2028-05-27,1965-06-25,jeddah
7394974639,Christa ,C, Hartman,saudi,p,SAU,F,2020-06-24,2027-06-24,1944-10-08,jeddah
7398999864,Diego ,M, Mckee,saudi,p,SAU,M,2021-06-20,2028-06-19,2020-03-26,jeddah
7443633663,Hester ,U, Dunn,saudi,lp,SAU,F,2022-12-06,2029-12-05,1950-05-09,jeddah
7455942793,Forest ,I, Marks,saudi,p,SAU,M,2016-12-09,2023-12-09,2004-04-10,jeddah
7474642593,Mickey ,H, Grant,saudi,p,SAU,M,2021-05-28,2028-05-27,2022-04-07,jeddah
7495435566,Gene ,X, Reyes,saudi,d,SAU,M,2021-06-21,2028-06-20,2020-12-14,jeddah
7498639945,Debbie ,H, Palmer,saudi,p,SAU,F,2018-02-27,2025-02-26,1983-07-25,jeddah
7538924378,Rocco ,H, Cooley,saudi,lp,SAU,M,2019-12-06,2026-12-05,1989-04-15,jeddah
7544556675,Celia ,z, Gibson,saudi,p,SAU,F,2021-08-16,2028-08-15,1996-12-28,jeddah
7564445558,Graham ,O, Padilla,saudi,lp,SAU,M,2018-10-05,2025-10-04,1977-04-01,jeddah
7597889782,Suzanne ,J, Richardson,saudi,p,SAU,F,2020-05-08,2027-05-08,1950-01-29,jeddah
7622954398,Andrew ,K, Christensen,saudi,d,SAU,M,2018-05-23,2025-05-22,1977-04-08,jeddah
7649722698,Jesse ,K, Roman,saudi,d,SAU,M,2019-12-12,2026-12-11,2020-12-27,jeddah
7657699865,Adrian ,T, Hines,saudi,lp,SAU,M,2017-02-17,2024-02-17,1953-02-16,jeddah
7674452873,Francis ,R, Montgomery,saudi,p,SAU,M,2023-03-15,2030-03-14,1971-07-17,jeddah
7743958234,Marie ,N, Mosley,saudi,p,SAU,F,2022-12-29,2029-12-28,1927-01-11,jeddah
7745748349,Marilyn ,V, Doyle,saudi,dlp,SAU,F,2023-10-18,2030-10-17,1949-09-14,jeddah
7856473625,Lizzie ,C, Walsh,egyptian,p,EGY,F,2023-09-23,2030-09-22,1978-10-29,jeddah
7859596622,Clint ,S, Morton,egyptian,p,EGY,M,2020-09-12,2027-09-12,1954-05-20,jeddah
7865543828,Art ,D, Salinas,egyptian,p,EGY,M,2017-10-31,2024-10-30,1999-10-20,jeddah
7874959338,Andy ,X, Morgan,egyptian,p,EGY,M,2022-04-04,2029-04-03,1944-08-20,jeddah
7877956685,Ava ,P, Trevino,egyptian,p,EGY,F,2018-04-18,2025-04-17,2002-02-12,jeddah
7882385826,Tyrone ,J, Wilkins,egyptian,s,EGY,M,2017-04-12,2024-04-11,1941-09-24,jeddah
7898693973,Elnora ,N, Glass,egyptian,p,EGY,F,2017-10-22,2024-10-21,1971-07-06,jeddah
7925572649,Terrance ,R, Mayer,egyptian,s,EGY,M,2017-11-13,2024-11-12,1972-04-10,jeddah
7928427255,Matilda ,D, Park,egyptian,p,EGY,F,2017-08-22,2024-08-21,1929-10-16,cairo
7938449237,Lessie ,J, Parks,egyptian,p,EGY,F,2018-11-09,2025-11-08,2019-11-08,cairo
7963557344,Nestor ,K, Hull,egyptian,d,EGY,M,2019-05-10,2026-05-09,1954-09-27,cairo
7972525723,Prince ,z, Chan,egyptian,p,EGY,M,2019-12-22,2026-12-21,1966-07-01,cairo
8236296445,Terence ,L, Guerra,egyptian,p,EGY,M,2019-03-14,2026-03-13,1929-02-23,cairo
8257974242,Darrick ,U, Lynch,egyptian,p,EGY,M,2017-06-06,2024-06-05,1975-12-06,cairo
8276748874,Alfreda ,L, Cowan,egyptian,p,EGY,F,2020-12-01,2027-12-01,1922-11-19,cairo
8289364723,Sebastian ,E, Clay,egyptian,p,EGY,M,2017-07-20,2024-07-19,1990-11-02,cairo
8337568349,Paris ,B, Tapia,egyptian,lp,EGY,M,2019-09-21,2026-09-20,1973-09-10,cairo
8356326975,Frank ,G, Massey,egyptian,d,EGY,M,2019-07-02,2026-07-01,1997-02-13,cairo
8373383536,Stuart ,M, Miller,egyptian,p,EGY,M,2016-12-24,2023-12-24,1926-12-01,cairo
8378592957,Nickolas ,C, Rhodes,egyptian,lp,EGY,M,2021-04-29,2028-04-28,1994-12-02,cairo
8385777542,Dawn ,C, Kaiser,egyptian,p,EGY,F,2021-03-29,2028-03-28,2009-08-04,cairo
8392749539,Michelle ,N, Higgins,egyptian,p,EGY,F,2023-02-18,2030-02-17,1920-10-01,cairo
8397425549,Lela ,H, Barnes,egyptian,p,EGY,F,2022-08-08,2029-08-07,2006-11-11,cairo
8426233273,Tracie ,G, Vasquez,egyptian,d,EGY,F,2019-09-20,2026-09-19,1982-08-23,cairo
8427728396,Erika ,Q, Carroll,egyptian,lp,EGY,F,2020-09-06,2027-09-06,1994-10-13,cairo
8453965547,Clarice ,G, Olson,egyptian,p,EGY,F,2018-01-15,2025-01-14,1981-11-05,cairo
8465768625,Delbert ,O, Hubbard,egyptian,p,EGY,M,2017-08-07,2024-08-06,1987-10-09,cairo
8485823926,Douglas ,B, Gamble,egyptian,p,EGY,M,2019-03-13,2026-03-12,2004-01-15,cairo
8498684353,Sang ,W, Mason,egyptian,p,EGY,M,2019-07-15,2026-07-14,1932-09-24,cairo
8499967662,Claudio ,T, Nolan,egyptian,p,EGY,M,2020-10-07,2027-10-07,2002-03-01,cairo
8534576862,Ollie ,C, Harmon,jordanian,p,JOR,M,2020-12-18,2027-12-18,1941-11-30,cairo
8543965662,Rory ,Z, Morales,jordanian,d,JOR,M,2023-02-16,2030-02-15,1980-07-20,cairo
8557467532,Rosendo ,H, Parsons,jordanian,p,JOR,M,2020-11-08,2027-11-08,1958-11-15,cairo
8562838423,Errol ,R, Hogan,jordanian,p,JOR,M,2020-04-06,2027-04-06,2010-03-16,amman
8566389957,Freda ,z, Ross,jordanian,p,JOR,F,2020-03-31,2027-03-31,1932-05-09,amman
8569449778,Julianne ,S, Hodges,jordanian,p,JOR,F,2022-07-19,2029-07-18,2020-06-12,amman
8584279284,Norbert ,I, Blackburn,jordanian,p,JOR,M,2021-06-29,2028-06-28,1964-01-19,amman
8589236328,Eugenia ,z, Valencia,jordanian,s,JOR,F,2019-07-10,2026-07-09,1972-06-28,amman
8625755982,Brendan ,S, Cooke,jordanian,p,JOR,M,2018-08-29,2025-08-28,1973-01-16,amman
8625954384,Joshua ,G, Powers,jordanian,p,JOR,M,2017-07-25,2024-07-24,1971-09-20,amman
8659457937,Liz ,D, Stanley,jordanian,p,JOR,F,2022-06-28,2029-06-27,1980-01-27,amman
8663376366,Dwight ,F, Robles,jordanian,p,JOR,M,2023-03-08,2030-03-07,1982-06-13,amman
8667237898,Yesenia ,A, Horn,jordanian,d,JOR,F,2022-03-16,2029-03-15,1998-03-02,amman
8726359889,Dollie ,C, Moses,jordanian,p,JOR,F,2023-05-11,2030-05-10,1927-01-13,amman
8726539734,Derick ,I, Calhoun,jordanian,p,JOR,M,2017-02-19,2024-02-19,1972-03-18,amman
8764723848,Beth ,Z, Howe,jordanian,p,JOR,F,2021-07-11,2028-07-10,1967-12-11,amman
8769484696,Patrica ,R, Small,jordanian,s,JOR,F,2020-04-29,2027-04-29,2012-07-21,amman
8797882569,Nancy ,T, Moran,jordanian,p,JOR,F,2020-03-13,2027-03-13,1939-09-18,amman
8798285295,Ernie ,Z, Daniels,jordanian,p,JOR,M,2021-09-10,2028-09-09,1970-10-22,amman
8824252456,Candace ,A, Rodriguez,jordanian,p,JOR,F,2018-01-14,2025-01-13,1923-04-26,amman
8832425496,Selma ,X, Horn,jordanian,p,JOR,F,2021-03-15,2028-03-14,1936-04-18,amman
8837226689,Claud ,G, Garza,jordanian,p,JOR,M,2021-08-29,2028-08-28,2015-04-21,amman
8875792476,Buddy ,O, Arnold,jordanian,p,JOR,M,2018-07-05,2025-07-04,1925-11-05,amman
8895682696,Carol ,R, Patton,jordanian,p,JOR,F,2017-07-15,2024-07-14,1927-10-19,amman
8898922725,Emilia ,H, Mcgee,jordanian,s,JOR,F,2020-05-04,2027-05-04,1938-07-18,amman
8922573725,Pansy ,H, Bush,jordanian,p,JOR,F,2020-05-22,2027-05-22,1931-02-26,amman
8982939233,Vicky ,E, Murillo,jordanian,d,JOR,F,2017-12-18,2024-12-17,2001-04-11,amman
8995235559,Lolita ,K, Mahoney,jordanian,p,JOR,F,2019-05-31,2026-05-30,2019-10-31,amman
9263877889,Cherry ,Z, Burch,jordanian,s,JOR,F,2020-02-11,2027-02-10,2014-06-05,amman
9287983554,Otis ,T, Green,jordanian,p,JOR,M,2023-01-13,2030-01-12,2018-05-15,amman
9298967986,Mary ,P, Savage,qatari,p,QAT,F,2021-08-15,2028-08-14,1953-11-14,doha
9299988394,Adolfo ,L, Brewer,qatari,dlp,QAT,M,2022-02-20,2029-02-19,1947-08-22,doha
9359822569,Miquel ,W, Alvarez,qatari,d,QAT,M,2023-10-08,2030-10-07,1992-09-06,doha
9363884363,Mae ,T, Harding,qatari,p,QAT,F,2018-01-25,2025-01-24,1948-05-22,doha
9373798487,Lloyd ,O, Barker,qatari,d,QAT,M,2019-04-14,2026-04-13,1983-03-26,doha
9445343764,Miles ,R, Moody,qatari,p,QAT,M,2016-12-20,2023-12-20,2008-07-08,doha
9494392345,Angelo ,W, Stanton,qatari,p,QAT,M,2017-07-07,2024-07-06,1964-10-21,doha
9536438959,Terry ,O, Griffin,qatari,s,QAT,F,2022-10-24,2029-10-23,1924-08-15,doha
9574598882,Alphonse ,C, Malone,qatari,lp,QAT,M,2018-05-21,2025-05-20,1986-05-12,doha
9593897367,Caitlin ,M, Rush,qatari,p,QAT,F,2023-05-19,2030-05-18,1931-04-24,doha
9598686938,Vickie ,T, Romero,qatari,d,QAT,F,2022-02-09,2029-02-08,1966-11-02,doha
9626564853,Maria ,M, Bush,qatari,s,QAT,F,2023-01-12,2030-01-11,1959-07-26,doha
9669484292,Milton ,N, Gordon,qatari,p,QAT,M,2021-11-30,2028-11-29,1952-02-03,doha
9678498353,Debora ,J, Johnston,qatari,p,QAT,F,2021-03-21,2028-03-20,1983-10-30,doha
9689536646,Fred ,B, Zamora,qatari,p,QAT,M,2019-10-05,2026-10-04,1951-10-24,doha
9699867725,Silvia ,E, Hahn,emirati,p,ARE,F,2020-07-22,2027-07-22,1968-08-06,dubi
9736299695,Edward ,V, York,emirati,p,ARE,M,2021-07-01,2028-06-30,1949-02-10,dubi
9778674879,Norbert ,M, Macdonald,emirati,p,ARE,M,2021-01-19,2028-01-19,1965-11-04,dubi
9796564853,Larry ,X, Valdez,emirati,p,ARE,M,2018-08-15,2025-08-14,2022-12-20,dubi
9799747243,Mitzi ,D, Crosby,emirati,p,ARE,F,2019-06-29,2026-06-28,1974-07-15,dubi
9828337723,Dominique ,N, Olson,emirati,lp,ARE,M,2020-06-18,2027-06-18,1954-12-14,dubi
9837667655,Sybil ,I, Silva,emirati,p,ARE,F,2019-10-22,2026-10-21,2021-09-29,dubi
9853224725,Lakeisha ,V, Hudson,emirati,d,ARE,F,2023-03-08,2030-03-07,2021-05-28,dubi
9868539744,Naomi ,T, Yates,emirati,p,ARE,F,2017-03-31,2024-03-30,2010-04-11,dubi
9875265545,Rudolf ,S, Townsend,emirati,d,ARE,M,2021-03-09,2028-03-08,1951-07-04,dubi
9876295338,Ofelia ,Q, Proctor,emirati,p,ARE,F,2020-01-06,2027-01-05,1997-12-03,dubi
9925887863,Lemuel ,O, Walsh,emirati,p,ARE,M,2021-07-10,2028-07-09,1962-12-13,dubi
9969477946,Vern ,B, Ritter,emirati,p,ARE,M,2022-03-08,2029-03-07,1994-08-28,dubi
9969647298,Elisha ,L, Conner,emirati,p,ARE,M,2019-07-17,2026-07-16,2014-03-21,dubi
9988938899,Refugio ,F, Daniel,emirati,p,ARE,M,2020-10-25,2027-10-25,1978-10-05,dubi
9989754775,Rod ,G, Cordova,emirati,p,ARE,M,2023-01-26,2030-01-25,2002-10-15,dubi
